0,Morning,170
0,Afternoon,560
0,Evening,930
0,Midnight,280
1,Morning,200
1,Afternoon,500
1,Evening,670
1,Midnight,280
2,Morning,260
2,Afternoon,440
2,Evening,810
2,Midnight,300
3,Morning,160
3,Afternoon,550
3,Evening,660
3,Midnight,390
4,Morning,170
4,Afternoon,510
4,Evening,760
4,Midnight,360
5,Morning,150
5,Afternoon,510
5,Evening,770
5,Midnight,310
6,Morning,180
6,Afternoon,510
6,Evening,670
6,Midnight,320
7,Morning,190
7,Afternoon,560
7,Evening,770
7,Midnight,300
8,Morning,230
8,Afternoon,590
8,Evening,760
8,Midnight,340
9,Morning,190
9,Afternoon,560
9,Evening,620
9,Midnight,290
10,Morning,160
10,Afternoon,540
10,Evening,470
10,Midnight,290
11,Morning,240
11,Afternoon,470
11,Evening,630
11,Midnight,320
12,Morning,230
12,Afternoon,420
12,Evening,720
12,Midnight,250
13,Morning,180
13,Afternoon,540
13,Evening,740
13,Midnight,310
14,Morning,230
14,Afternoon,540
14,Evening,780
14,Midnight,340
15,Morning,170
15,Afternoon,590
15,Evening,860
15,Midnight,360
16,Morning,190
16,Afternoon,520
16,Evening,730
16,Midnight,300
17,Morning,190
17,Afternoon,610
17,Evening,690
17,Midnight,330
18,Morning,200
18,Afternoon,440
18,Evening,620
18,Midnight,340
19,Morning,120
19,Afternoon,620
19,Evening,560
19,Midnight,430
20,Morning,230
20,Afternoon,460
20,Evening,650
20,Midnight,320
21,Morning,180
21,Afternoon,530
21,Evening,750
21,Midnight,220
22,Morning,160
22,Afternoon,520
22,Evening,520
22,Midnight,220
23,Morning,180
23,Afternoon,530
23,Evening,750
23,Midnight,240
24,Morning,170
24,Afternoon,590
24,Evening,600
24,Midnight,300
25,Morning,230
25,Afternoon,450
25,Evening,560
25,Midnight,290
26,Morning,230
26,Afternoon,540
26,Evening,640
26,Midnight,260
27,Morning,150
27,Afternoon,490
27,Evening,640
27,Midnight,350
28,Morning,190
28,Afternoon,520
28,Evening,580
28,Midnight,240
29,Morning,180
29,Afternoon,390
29,Evening,690
29,Midnight,310
30,Morning,250
30,Afternoon,540
30,Evening,600
30,Midnight,380
31,Morning,150
31,Afternoon,380
31,Evening,780
31,Midnight,260
32,Morning,180
32,Afternoon,550
32,Evening,560
32,Midnight,410
33,Morning,190
33,Afternoon,610
33,Evening,630
33,Midnight,400
34,Morning,180
34,Afternoon,480
34,Evening,560
34,Midnight,400
35,Morning,160
35,Afternoon,540
35,Evening,640
35,Midnight,230
36,Morning,230
36,Afternoon,620
36,Evening,570
36,Midnight,250
37,Morning,210
37,Afternoon,470
37,Evening,630
37,Midnight,250
38,Morning,150
38,Afternoon,650
38,Evening,550
38,Midnight,280
39,Morning,250
39,Afternoon,530
39,Evening,630
39,Midnight,320
40,Morning,140
40,Afternoon,370
40,Evening,570
40,Midnight,220
41,Morning,240
41,Afternoon,610
41,Evening,640
41,Midnight,210
42,Morning,220
42,Afternoon,480
42,Evening,730
42,Midnight,350
43,Morning,310
43,Afternoon,840
43,Evening,1030
43,Midnight,470
44,Morning,290
44,Afternoon,860
44,Evening,1080
44,Midnight,610
45,Morning,360
45,Afternoon,970
45,Evening,1190
45,Midnight,630
46,Morning,190
46,Afternoon,450
46,Evening,720
46,Midnight,370
47,Morning,240
47,Afternoon,580
47,Evening,540
47,Midnight,300
48,Morning,220
48,Afternoon,450
48,Evening,660
48,Midnight,350
49,Morning,170
49,Afternoon,550
49,Evening,620
49,Midnight,160
50,Morning,200
50,Afternoon,650
50,Evening,650
50,Midnight,360
51,Morning,260
51,Afternoon,540
51,Evening,700
51,Midnight,320
52,Morning,140
52,Afternoon,480
52,Evening,620
52,Midnight,330
53,Morning,290
53,Afternoon,440
53,Evening,630
53,Midnight,280
54,Morning,460
54,Afternoon,1050
54,Evening,930
54,Midnight,430
55,Morning,320
55,Afternoon,940
55,Evening,1090
55,Midnight,530
56,Morning,400
56,Afternoon,650
56,Evening,1140
56,Midnight,530
57,Morning,360
57,Afternoon,1130
57,Evening,1120
57,Midnight,510
58,Morning,340
58,Afternoon,780
58,Evening,1260
58,Midnight,450
59,Morning,270
59,Afternoon,880
59,Evening,1130
59,Midnight,600
60,Morning,310
60,Afternoon,990
60,Evening,1330
60,Midnight,470
61,Morning,120
61,Afternoon,480
61,Evening,660
61,Midnight,340
62,Morning,170
62,Afternoon,490
62,Evening,790
62,Midnight,300
63,Morning,210
63,Afternoon,500
63,Evening,590
63,Midnight,330
64,Morning,190
64,Afternoon,390
64,Evening,680
64,Midnight,260
65,Morning,190
65,Afternoon,510
65,Evening,710
65,Midnight,390
66,Morning,210
66,Afternoon,450
66,Evening,570
66,Midnight,290
67,Morning,130
67,Afternoon,460
67,Evening,670
67,Midnight,220
68,Morning,210
68,Afternoon,470
68,Evening,700
68,Midnight,330
69,Morning,190
69,Afternoon,520
69,Evening,660
69,Midnight,230
70,Morning,330
70,Afternoon,760
70,Evening,1020
70,Midnight,620
71,Morning,340
71,Afternoon,980
71,Evening,1000
71,Midnight,590
72,Morning,320
72,Afternoon,920
72,Evening,1240
72,Midnight,370
73,Morning,350
73,Afternoon,900
73,Evening,1190
73,Midnight,580
74,Morning,270
74,Afternoon,980
74,Evening,1100
74,Midnight,490
75,Morning,260
75,Afternoon,910
75,Evening,1150
75,Midnight,460
76,Morning,350
76,Afternoon,950
76,Evening,1050
76,Midnight,470
77,Morning,250
77,Afternoon,390
77,Evening,620
77,Midnight,240
78,Morning,140
78,Afternoon,480
78,Evening,730
78,Midnight,360
79,Morning,190
79,Afternoon,520
79,Evening,490
79,Midnight,310
80,Morning,230
80,Afternoon,580
80,Evening,630
80,Midnight,370
81,Morning,90
81,Afternoon,570
81,Evening,590
81,Midnight,330
82,Morning,140
82,Afternoon,640
82,Evening,630
82,Midnight,300
83,Morning,200
83,Afternoon,460
83,Evening,580
83,Midnight,230
84,Morning,150
84,Afternoon,440
84,Evening,630
84,Midnight,270
85,Morning,190
85,Afternoon,560
85,Evening,510
85,Midnight,400
86,Morning,330
86,Afternoon,910
86,Evening,1140
86,Midnight,490
87,Morning,340
87,Afternoon,950
87,Evening,1230
87,Midnight,550
88,Morning,230
88,Afternoon,870
88,Evening,1130
88,Midnight,550
89,Morning,330
89,Afternoon,900
89,Evening,1270
89,Midnight,680
90,Morning,270
90,Afternoon,820
90,Evening,1260
90,Midnight,460
91,Morning,240
91,Afternoon,970
91,Evening,1100
91,Midnight,640
92,Morning,330
92,Afternoon,850
92,Evening,1050
92,Midnight,470
93,Morning,330
93,Afternoon,740
93,Evening,1330
93,Midnight,460
94,Morning,270
94,Afternoon,680
94,Evening,1130
94,Midnight,480
95,Morning,360
95,Afternoon,810
95,Evening,970
95,Midnight,560
96,Morning,160
96,Afternoon,410
96,Evening,580
96,Midnight,320
97,Morning,200
97,Afternoon,400
97,Evening,540
97,Midnight,390
98,Morning,200
98,Afternoon,510
98,Evening,630
98,Midnight,270
99,Morning,210
99,Afternoon,480
99,Evening,490
99,Midnight,380
100,Morning,180
100,Afternoon,470
100,Evening,530
100,Midnight,300
101,Morning,270
101,Afternoon,440
101,Evening,530
101,Midnight,270
102,Morning,470
102,Afternoon,950
102,Evening,1110
102,Midnight,530
103,Morning,370
103,Afternoon,840
103,Evening,1040
103,Midnight,440
104,Morning,330
104,Afternoon,830
104,Evening,1170
104,Midnight,590
105,Morning,310
105,Afternoon,750
105,Evening,1100
105,Midnight,540
106,Morning,410
106,Afternoon,1010
106,Evening,1100
106,Midnight,540
107,Morning,270
107,Afternoon,850
107,Evening,1010
107,Midnight,480
108,Morning,270
108,Afternoon,1030
108,Evening,1100
108,Midnight,670
109,Morning,260
109,Afternoon,760
109,Evening,1170
109,Midnight,640
110,Morning,310
110,Afternoon,980
110,Evening,1170
110,Midnight,440
111,Morning,420
111,Afternoon,730
111,Evening,1120
111,Midnight,500
112,Morning,210
112,Afternoon,460
112,Evening,700
112,Midnight,280
113,Morning,250
113,Afternoon,430
113,Evening,610
113,Midnight,290
114,Morning,150
114,Afternoon,520
114,Evening,640
114,Midnight,290
115,Morning,180
115,Afternoon,490
115,Evening,580
115,Midnight,290
116,Morning,160
116,Afternoon,500
116,Evening,720
116,Midnight,240
117,Morning,180
117,Afternoon,430
117,Evening,620
117,Midnight,250
118,Morning,340
118,Afternoon,880
118,Evening,1170
118,Midnight,500
119,Morning,320
119,Afternoon,860
119,Evening,970
119,Midnight,350
120,Morning,300
120,Afternoon,900
120,Evening,1250
120,Midnight,520
121,Morning,260
121,Afternoon,800
121,Evening,1180
121,Midnight,510
122,Morning,440
122,Afternoon,910
122,Evening,1130
122,Midnight,490
123,Morning,340
123,Afternoon,780
123,Evening,1250
123,Midnight,520
124,Morning,390
124,Afternoon,870
124,Evening,1210
124,Midnight,680
125,Morning,430
125,Afternoon,690
125,Evening,1160
125,Midnight,530
126,Morning,350
126,Afternoon,930
126,Evening,1280
126,Midnight,500
127,Morning,300
127,Afternoon,810
127,Evening,1230
127,Midnight,610
128,Morning,200
128,Afternoon,440
128,Evening,690
128,Midnight,270
129,Morning,180
129,Afternoon,660
129,Evening,670
129,Midnight,300
130,Morning,330
130,Afternoon,470
130,Evening,650
130,Midnight,370
131,Morning,200
131,Afternoon,370
131,Evening,700
131,Midnight,280
132,Morning,190
132,Afternoon,540
132,Evening,530
132,Midnight,240
133,Morning,240
133,Afternoon,500
133,Evening,650
133,Midnight,250
134,Morning,100
134,Afternoon,400
134,Evening,710
134,Midnight,270
135,Morning,210
135,Afternoon,520
135,Evening,570
135,Midnight,250
136,Morning,390
136,Afternoon,1130
136,Evening,1130
136,Midnight,560
137,Morning,320
137,Afternoon,930
137,Evening,1220
137,Midnight,580
138,Morning,410
138,Afternoon,950
138,Evening,1200
138,Midnight,570
139,Morning,400
139,Afternoon,870
139,Evening,1020
139,Midnight,590
140,Morning,360
140,Afternoon,900
140,Evening,1070
140,Midnight,440
141,Morning,340
141,Afternoon,910
141,Evening,1140
141,Midnight,600
142,Morning,400
142,Afternoon,840
142,Evening,980
142,Midnight,420
143,Morning,330
143,Afternoon,950
143,Evening,1150
143,Midnight,530
144,Morning,390
144,Afternoon,880
144,Evening,980
144,Midnight,650
145,Morning,300
145,Afternoon,890
145,Evening,1030
145,Midnight,600
146,Morning,240
146,Afternoon,920
146,Evening,990
146,Midnight,680
147,Morning,170
147,Afternoon,470
147,Evening,700
147,Midnight,330
148,Morning,150
148,Afternoon,430
148,Evening,700
148,Midnight,240
149,Morning,200
149,Afternoon,430
149,Evening,740
149,Midnight,390
150,Morning,170
150,Afternoon,440
150,Evening,670
150,Midnight,290
151,Morning,180
151,Afternoon,490
151,Evening,550
151,Midnight,320
152,Morning,100
152,Afternoon,590
152,Evening,620
152,Midnight,300
153,Morning,160
153,Afternoon,500
153,Evening,580
153,Midnight,220
154,Morning,150
154,Afternoon,500
154,Evening,760
154,Midnight,450
155,Morning,220
155,Afternoon,920
155,Evening,1130
155,Midnight,430
156,Morning,270
156,Afternoon,990
156,Evening,1060
156,Midnight,660
157,Morning,340
157,Afternoon,850
157,Evening,1150
157,Midnight,440
158,Morning,340
158,Afternoon,990
158,Evening,1300
158,Midnight,420
159,Morning,300
159,Afternoon,860
159,Evening,970
159,Midnight,490
160,Morning,260
160,Afternoon,950
160,Evening,1250
160,Midnight,540
161,Morning,240
161,Afternoon,810
161,Evening,1370
161,Midnight,590
162,Morning,370
162,Afternoon,1000
162,Evening,1200
162,Midnight,540
163,Morning,440
163,Afternoon,870
163,Evening,1230
163,Midnight,570
164,Morning,350
164,Afternoon,780
164,Evening,1260
164,Midnight,610
165,Morning,340
165,Afternoon,850
165,Evening,1100
165,Midnight,540
166,Morning,230
166,Afternoon,460
166,Evening,730
166,Midnight,380
167,Morning,210
167,Afternoon,440
167,Evening,690
167,Midnight,400
168,Morning,210
168,Afternoon,520
168,Evening,730
168,Midnight,200
169,Morning,220
169,Afternoon,620
169,Evening,590
169,Midnight,260
170,Morning,210
170,Afternoon,560
170,Evening,530
170,Midnight,260
171,Morning,120
171,Afternoon,620
171,Evening,490
171,Midnight,250
172,Morning,210
172,Afternoon,450
172,Evening,470
172,Midnight,240
173,Morning,220
173,Afternoon,460
173,Evening,790
173,Midnight,390
174,Morning,250
174,Afternoon,690
174,Evening,740
174,Midnight,320
175,Morning,270
175,Afternoon,550
175,Evening,710
175,Midnight,350
176,Morning,350
176,Afternoon,720
176,Evening,1120
176,Midnight,550
177,Morning,390
177,Afternoon,810
177,Evening,1270
177,Midnight,620
178,Morning,210
178,Afternoon,710
178,Evening,1280
178,Midnight,470
179,Morning,340
179,Afternoon,870
179,Evening,1240
179,Midnight,420
180,Morning,360
180,Afternoon,840
180,Evening,1050
180,Midnight,500
181,Morning,390
181,Afternoon,810
181,Evening,820
181,Midnight,540
182,Morning,190
182,Afternoon,940
182,Evening,1220
182,Midnight,540
183,Morning,350
183,Afternoon,840
183,Evening,1080
183,Midnight,500
184,Morning,370
184,Afternoon,970
184,Evening,1230
184,Midnight,430
185,Morning,160
185,Afternoon,460
185,Evening,520
185,Midnight,320
186,Morning,210
186,Afternoon,460
186,Evening,670
186,Midnight,410
187,Morning,220
187,Afternoon,380
187,Evening,760
187,Midnight,270
188,Morning,160
188,Afternoon,660
188,Evening,700
188,Midnight,190
189,Morning,150
189,Afternoon,480
189,Evening,610
189,Midnight,410
190,Morning,210
190,Afternoon,380
190,Evening,690
190,Midnight,290
191,Morning,150
191,Afternoon,490
191,Evening,610
191,Midnight,380
192,Morning,250
192,Afternoon,450
192,Evening,480
192,Midnight,300
193,Morning,330
193,Afternoon,560
193,Evening,870
193,Midnight,280
194,Morning,290
194,Afternoon,650
194,Evening,810
194,Midnight,500
195,Morning,250
195,Afternoon,630
195,Evening,630
195,Midnight,380
196,Morning,410
196,Afternoon,980
196,Evening,1040
196,Midnight,450
197,Morning,270
197,Afternoon,890
197,Evening,1000
197,Midnight,630
198,Morning,380
198,Afternoon,840
198,Evening,1080
198,Midnight,520
199,Morning,400
199,Afternoon,1050
199,Evening,1060
199,Midnight,480
200,Morning,330
200,Afternoon,860
200,Evening,1040
200,Midnight,510
201,Morning,270
201,Afternoon,780
201,Evening,1340
201,Midnight,370
202,Morning,400
202,Afternoon,860
202,Evening,1180
202,Midnight,520
203,Morning,160
203,Afternoon,490
203,Evening,640
203,Midnight,250
204,Morning,180
204,Afternoon,520
204,Evening,610
204,Midnight,360
205,Morning,180
205,Afternoon,430
205,Evening,500
205,Midnight,320
206,Morning,240
206,Afternoon,450
206,Evening,490
206,Midnight,270
207,Morning,140
207,Afternoon,520
207,Evening,630
207,Midnight,280
208,Morning,240
208,Afternoon,430
208,Evening,660
208,Midnight,270
209,Morning,220
209,Afternoon,610
209,Evening,610
209,Midnight,170
210,Morning,250
210,Afternoon,730
210,Evening,710
210,Midnight,180
211,Morning,270
211,Afternoon,580
211,Evening,900
211,Midnight,360
212,Morning,160
212,Afternoon,510
212,Evening,740
212,Midnight,290
213,Morning,200
213,Afternoon,370
213,Evening,840
213,Midnight,360
214,Morning,170
214,Afternoon,710
214,Evening,850
214,Midnight,420
215,Morning,190
215,Afternoon,710
215,Evening,870
215,Midnight,350
216,Morning,390
216,Afternoon,800
216,Evening,970
216,Midnight,320
217,Morning,330
217,Afternoon,830
217,Evening,940
217,Midnight,430
218,Morning,360
218,Afternoon,810
218,Evening,1110
218,Midnight,610
219,Morning,400
219,Afternoon,970
219,Evening,1070
219,Midnight,550
220,Morning,170
220,Afternoon,430
220,Evening,770
220,Midnight,230
221,Morning,190
221,Afternoon,540
221,Evening,630
221,Midnight,250
222,Morning,200
222,Afternoon,560
222,Evening,670
222,Midnight,240
223,Morning,170
223,Afternoon,410
223,Evening,660
223,Midnight,330
224,Morning,200
224,Afternoon,500
224,Evening,580
224,Midnight,330
225,Morning,240
225,Afternoon,500
225,Evening,640
225,Midnight,250
226,Morning,140
226,Afternoon,460
226,Evening,540
226,Midnight,280
227,Morning,160
227,Afternoon,430
227,Evening,630
227,Midnight,290
228,Morning,180
228,Afternoon,420
228,Evening,610
228,Midnight,290
229,Morning,150
229,Afternoon,460
229,Evening,580
229,Midnight,220
230,Morning,230
230,Afternoon,560
230,Evening,750
230,Midnight,410
231,Morning,300
231,Afternoon,610
231,Evening,710
231,Midnight,310
232,Morning,170
232,Afternoon,560
232,Evening,810
232,Midnight,390
233,Morning,240
233,Afternoon,630
233,Evening,790
233,Midnight,360
234,Morning,170
234,Afternoon,610
234,Evening,690
234,Midnight,310
235,Morning,330
235,Afternoon,680
235,Evening,1260
235,Midnight,510
236,Morning,280
236,Afternoon,810
236,Evening,1140
236,Midnight,490
237,Morning,320
237,Afternoon,970
237,Evening,1270
237,Midnight,500
238,Morning,360
238,Afternoon,860
238,Evening,1080
238,Midnight,600
239,Morning,160
239,Afternoon,500
239,Evening,690
239,Midnight,270
240,Morning,170
240,Afternoon,480
240,Evening,700
240,Midnight,270
241,Morning,140
241,Afternoon,510
241,Evening,700
241,Midnight,240
242,Morning,130
242,Afternoon,490
242,Evening,600
242,Midnight,240
243,Morning,250
243,Afternoon,480
243,Evening,750
243,Midnight,340
244,Morning,150
244,Afternoon,610
244,Evening,560
244,Midnight,350
245,Morning,160
245,Afternoon,470
245,Evening,660
245,Midnight,320
246,Morning,180
246,Afternoon,540
246,Evening,780
246,Midnight,240
247,Morning,150
247,Afternoon,450
247,Evening,600
247,Midnight,290
248,Morning,180
248,Afternoon,460
248,Evening,630
248,Midnight,320
249,Morning,310
249,Afternoon,750
249,Evening,860
249,Midnight,330
250,Morning,220
250,Afternoon,620
250,Evening,780
250,Midnight,370
251,Morning,250
251,Afternoon,620
251,Evening,940
251,Midnight,450
252,Morning,220
252,Afternoon,510
252,Evening,850
252,Midnight,400
253,Morning,280
253,Afternoon,560
253,Evening,860
253,Midnight,480
254,Morning,280
254,Afternoon,870
254,Evening,1080
254,Midnight,430
255,Morning,220
255,Afternoon,1030
255,Evening,1190
255,Midnight,550
256,Morning,330
256,Afternoon,810
256,Evening,1230
256,Midnight,490
257,Morning,290
257,Afternoon,1000
257,Evening,1220
257,Midnight,550
258,Morning,210
258,Afternoon,480
258,Evening,690
258,Midnight,350
259,Morning,180
259,Afternoon,490
259,Evening,700
259,Midnight,260
260,Morning,160
260,Afternoon,460
260,Evening,630
260,Midnight,230
261,Morning,120
261,Afternoon,550
261,Evening,580
261,Midnight,240
262,Morning,160
262,Afternoon,460
262,Evening,750
262,Midnight,240
263,Morning,170
263,Afternoon,500
263,Evening,580
263,Midnight,260
264,Morning,200
264,Afternoon,370
264,Evening,380
264,Midnight,320
265,Morning,160
265,Afternoon,560
265,Evening,590
265,Midnight,330
266,Morning,160
266,Afternoon,490
266,Evening,570
266,Midnight,310
267,Morning,180
267,Afternoon,400
267,Evening,590
267,Midnight,320
268,Morning,190
268,Afternoon,600
268,Evening,670
268,Midnight,330
269,Morning,220
269,Afternoon,650
269,Evening,1020
269,Midnight,320
270,Morning,260
270,Afternoon,490
270,Evening,690
270,Midnight,490
271,Morning,280
271,Afternoon,580
271,Evening,760
271,Midnight,390
272,Morning,320
272,Afternoon,670
272,Evening,710
272,Midnight,390
273,Morning,300
273,Afternoon,790
273,Evening,1290
273,Midnight,490
274,Morning,360
274,Afternoon,830
274,Evening,1190
274,Midnight,550
275,Morning,280
275,Afternoon,570
275,Evening,730
275,Midnight,370
276,Morning,310
276,Afternoon,550
276,Evening,710
276,Midnight,450
277,Morning,200
277,Afternoon,640
277,Evening,800
277,Midnight,430
278,Morning,250
278,Afternoon,770
278,Evening,860
278,Midnight,340
279,Morning,320
279,Afternoon,650
279,Evening,850
279,Midnight,330
280,Morning,250
280,Afternoon,480
280,Evening,730
280,Midnight,380
281,Morning,230
281,Afternoon,460
281,Evening,850
281,Midnight,230
282,Morning,130
282,Afternoon,440
282,Evening,770
282,Midnight,230
283,Morning,200
283,Afternoon,540
283,Evening,570
283,Midnight,330
284,Morning,250
284,Afternoon,450
284,Evening,660
284,Midnight,210
285,Morning,150
285,Afternoon,380
285,Evening,710
285,Midnight,210
286,Morning,220
286,Afternoon,560
286,Evening,590
286,Midnight,350
287,Morning,200
287,Afternoon,610
287,Evening,850
287,Midnight,480
288,Morning,240
288,Afternoon,670
288,Evening,750
288,Midnight,320
289,Morning,300
289,Afternoon,740
289,Evening,690
289,Midnight,330
290,Morning,310
290,Afternoon,610
290,Evening,770
290,Midnight,310
291,Morning,230
291,Afternoon,590
291,Evening,750
291,Midnight,350
292,Morning,200
292,Afternoon,760
292,Evening,930
292,Midnight,400
293,Morning,180
293,Afternoon,600
293,Evening,820
293,Midnight,430
294,Morning,220
294,Afternoon,700
294,Evening,810
294,Midnight,380
295,Morning,180
295,Afternoon,680
295,Evening,810
295,Midnight,360
296,Morning,190
296,Afternoon,530
296,Evening,780
296,Midnight,400
297,Morning,150
297,Afternoon,660
297,Evening,810
297,Midnight,380
298,Morning,290
298,Afternoon,650
298,Evening,820
298,Midnight,410
299,Morning,250
299,Afternoon,610
299,Evening,810
299,Midnight,430
300,Morning,220
300,Afternoon,740
300,Evening,930
300,Midnight,410
301,Morning,250
301,Afternoon,530
301,Evening,700
301,Midnight,350
302,Morning,170
302,Afternoon,440
302,Evening,580
302,Midnight,340
303,Morning,50
303,Afternoon,470
303,Evening,530
303,Midnight,290
304,Morning,190
304,Afternoon,450
304,Evening,790
304,Midnight,320
305,Morning,220
305,Afternoon,600
305,Evening,590
305,Midnight,200
306,Morning,270
306,Afternoon,630
306,Evening,770
306,Midnight,440
307,Morning,280
307,Afternoon,670
307,Evening,720
307,Midnight,270
308,Morning,190
308,Afternoon,730
308,Evening,800
308,Midnight,210
309,Morning,270
309,Afternoon,610
309,Evening,670
309,Midnight,440
310,Morning,180
310,Afternoon,670
310,Evening,860
310,Midnight,330
311,Morning,240
311,Afternoon,410
311,Evening,1060
311,Midnight,490
312,Morning,240
312,Afternoon,660
312,Evening,700
312,Midnight,430
313,Morning,220
313,Afternoon,650
313,Evening,740
313,Midnight,270
314,Morning,200
314,Afternoon,630
314,Evening,690
314,Midnight,380
315,Morning,270
315,Afternoon,770
315,Evening,770
315,Midnight,380
316,Morning,240
316,Afternoon,480
316,Evening,920
316,Midnight,340
317,Morning,250
317,Afternoon,740
317,Evening,880
317,Midnight,350
318,Morning,230
318,Afternoon,560
318,Evening,810
318,Midnight,340
319,Morning,180
319,Afternoon,770
319,Evening,880
319,Midnight,380
320,Morning,270
320,Afternoon,530
320,Evening,810
320,Midnight,370
321,Morning,210
321,Afternoon,670
321,Evening,830
321,Midnight,440
322,Morning,240
322,Afternoon,660
322,Evening,790
322,Midnight,320
323,Morning,200
323,Afternoon,760
323,Evening,700
323,Midnight,420
324,Morning,200
324,Afternoon,740
324,Evening,860
324,Midnight,290
325,Morning,300
325,Afternoon,610
325,Evening,930
325,Midnight,440
326,Morning,240
326,Afternoon,560
326,Evening,710
326,Midnight,300
327,Morning,280
327,Afternoon,650
327,Evening,790
327,Midnight,360
328,Morning,260
328,Afternoon,600
328,Evening,720
328,Midnight,370
329,Morning,250
329,Afternoon,710
329,Evening,970
329,Midnight,410
330,Morning,150
330,Afternoon,620
330,Evening,810
330,Midnight,360
331,Morning,220
331,Afternoon,690
331,Evening,900
331,Midnight,320
332,Morning,290
332,Afternoon,510
332,Evening,880
332,Midnight,510
333,Morning,130
333,Afternoon,630
333,Evening,930
333,Midnight,380
334,Morning,260
334,Afternoon,550
334,Evening,880
334,Midnight,390
335,Morning,280
335,Afternoon,470
335,Evening,900
335,Midnight,360
336,Morning,260
336,Afternoon,620
336,Evening,860
336,Midnight,460
337,Morning,220
337,Afternoon,590
337,Evening,740
337,Midnight,310
338,Morning,160
338,Afternoon,620
338,Evening,810
338,Midnight,330
339,Morning,200
339,Afternoon,480
339,Evening,800
339,Midnight,330
340,Morning,300
340,Afternoon,460
340,Evening,810
340,Midnight,300
341,Morning,250
341,Afternoon,620
341,Evening,730
341,Midnight,280
342,Morning,240
342,Afternoon,620
342,Evening,760
342,Midnight,350
343,Morning,250
343,Afternoon,630
343,Evening,730
343,Midnight,370
344,Morning,240
344,Afternoon,630
344,Evening,610
344,Midnight,310
345,Morning,180
345,Afternoon,630
345,Evening,910
345,Midnight,340
346,Morning,190
346,Afternoon,540
346,Evening,880
346,Midnight,480
347,Morning,230
347,Afternoon,760
347,Evening,810
347,Midnight,330
348,Morning,210
348,Afternoon,600
348,Evening,710
348,Midnight,400
349,Morning,190
349,Afternoon,500
349,Evening,800
349,Midnight,390
350,Morning,290
350,Afternoon,520
350,Evening,800
350,Midnight,370
351,Morning,300
351,Afternoon,720
351,Evening,830
351,Midnight,380
352,Morning,230
352,Afternoon,490
352,Evening,840
352,Midnight,300
353,Morning,230
353,Afternoon,780
353,Evening,920
353,Midnight,350
354,Morning,260
354,Afternoon,690
354,Evening,630
354,Midnight,370
355,Morning,180
355,Afternoon,580
355,Evening,770
355,Midnight,310
356,Morning,310
356,Afternoon,510
356,Evening,690
356,Midnight,340
357,Morning,220
357,Afternoon,580
357,Evening,730
357,Midnight,300
358,Morning,200
358,Afternoon,650
358,Evening,780
358,Midnight,430
359,Morning,160
359,Afternoon,390
359,Evening,640
359,Midnight,350
360,Morning,250
360,Afternoon,650
360,Evening,780
360,Midnight,310
361,Morning,250
361,Afternoon,650
361,Evening,820
361,Midnight,360
362,Morning,160
362,Afternoon,880
362,Evening,660
362,Midnight,320
363,Morning,350
363,Afternoon,1020
363,Evening,1560
363,Midnight,610
364,Morning,330
364,Afternoon,1020
364,Evening,1140
364,Midnight,700
365,Morning,380
365,Afternoon,910
365,Evening,1190
365,Midnight,530
366,Morning,310
366,Afternoon,570
366,Evening,920
366,Midnight,390
367,Morning,250
367,Afternoon,610
367,Evening,700
367,Midnight,380
368,Morning,190
368,Afternoon,580
368,Evening,980
368,Midnight,230
369,Morning,190
369,Afternoon,550
369,Evening,770
369,Midnight,330
370,Morning,160
370,Afternoon,550
370,Evening,850
370,Midnight,420
371,Morning,270
371,Afternoon,600
371,Evening,890
371,Midnight,390
372,Morning,290
372,Afternoon,700
372,Evening,710
372,Midnight,420
373,Morning,260
373,Afternoon,470
373,Evening,780
373,Midnight,310
374,Morning,220
374,Afternoon,690
374,Evening,680
374,Midnight,330
375,Morning,160
375,Afternoon,650
375,Evening,750
375,Midnight,310
376,Morning,230
376,Afternoon,520
376,Evening,740
376,Midnight,360
377,Morning,200
377,Afternoon,520
377,Evening,530
377,Midnight,290
378,Morning,210
378,Afternoon,560
378,Evening,830
378,Midnight,340
379,Morning,230
379,Afternoon,460
379,Evening,540
379,Midnight,410
380,Morning,250
380,Afternoon,450
380,Evening,690
380,Midnight,330
381,Morning,140
381,Afternoon,750
381,Evening,1010
381,Midnight,460
382,Morning,440
382,Afternoon,1090
382,Evening,1290
382,Midnight,760
383,Morning,320
383,Afternoon,1150
383,Evening,1230
383,Midnight,720
384,Morning,440
384,Afternoon,1150
384,Evening,1340
384,Midnight,720
385,Morning,380
385,Afternoon,1070
385,Evening,1540
385,Midnight,570
386,Morning,330
386,Afternoon,600
386,Evening,870
386,Midnight,270
387,Morning,240
387,Afternoon,670
387,Evening,810
387,Midnight,380
388,Morning,210
388,Afternoon,640
388,Evening,930
388,Midnight,410
389,Morning,170
389,Afternoon,660
389,Evening,780
389,Midnight,380
390,Morning,210
390,Afternoon,590
390,Evening,730
390,Midnight,370
391,Morning,250
391,Afternoon,390
391,Evening,710
391,Midnight,300
392,Morning,290
392,Afternoon,620
392,Evening,660
392,Midnight,390
393,Morning,240
393,Afternoon,590
393,Evening,720
393,Midnight,320
394,Morning,290
394,Afternoon,530
394,Evening,670
394,Midnight,290
395,Morning,290
395,Afternoon,600
395,Evening,540
395,Midnight,350
396,Morning,300
396,Afternoon,560
396,Evening,830
396,Midnight,280
397,Morning,240
397,Afternoon,600
397,Evening,710
397,Midnight,320
398,Morning,170
398,Afternoon,480
398,Evening,560
398,Midnight,380
399,Morning,220
399,Afternoon,460
399,Evening,690
399,Midnight,270
400,Morning,130
400,Afternoon,680
400,Evening,690
400,Midnight,390
401,Morning,450
401,Afternoon,1160
401,Evening,1300
401,Midnight,750
402,Morning,320
402,Afternoon,1000
402,Evening,1350
402,Midnight,680
403,Morning,360
403,Afternoon,980
403,Evening,1210
403,Midnight,570
404,Morning,350
404,Afternoon,1020
404,Evening,1550
404,Midnight,730
405,Morning,380
405,Afternoon,1000
405,Evening,1220
405,Midnight,660
406,Morning,390
406,Afternoon,890
406,Evening,1380
406,Midnight,520
407,Morning,430
407,Afternoon,980
407,Evening,1280
407,Midnight,490
408,Morning,280
408,Afternoon,700
408,Evening,860
408,Midnight,510
409,Morning,200
409,Afternoon,620
409,Evening,980
409,Midnight,360
410,Morning,230
410,Afternoon,470
410,Evening,810
410,Midnight,440
411,Morning,150
411,Afternoon,410
411,Evening,630
411,Midnight,370
412,Morning,200
412,Afternoon,720
412,Evening,830
412,Midnight,300
413,Morning,250
413,Afternoon,470
413,Evening,740
413,Midnight,340
414,Morning,160
414,Afternoon,580
414,Evening,760
414,Midnight,360
415,Morning,230
415,Afternoon,660
415,Evening,790
415,Midnight,410
416,Morning,200
416,Afternoon,660
416,Evening,640
416,Midnight,300
417,Morning,300
417,Afternoon,570
417,Evening,790
417,Midnight,360
418,Morning,260
418,Afternoon,550
418,Evening,800
418,Midnight,300
419,Morning,260
419,Afternoon,800
419,Evening,700
419,Midnight,340
420,Morning,250
420,Afternoon,540
420,Evening,720
420,Midnight,480
421,Morning,330
421,Afternoon,1190
421,Evening,1480
421,Midnight,480
422,Morning,370
422,Afternoon,980
422,Evening,1410
422,Midnight,620
423,Morning,480
423,Afternoon,1000
423,Evening,1530
423,Midnight,620
424,Morning,490
424,Afternoon,1170
424,Evening,1500
424,Midnight,630
425,Morning,390
425,Afternoon,990
425,Evening,1220
425,Midnight,530
426,Morning,320
426,Afternoon,1070
426,Evening,1530
426,Midnight,550
427,Morning,180
427,Afternoon,700
427,Evening,720
427,Midnight,350
428,Morning,170
428,Afternoon,630
428,Evening,650
428,Midnight,280
429,Morning,240
429,Afternoon,520
429,Evening,680
429,Midnight,250
430,Morning,220
430,Afternoon,560
430,Evening,650
430,Midnight,360
431,Morning,250
431,Afternoon,500
431,Evening,820
431,Midnight,410
432,Morning,230
432,Afternoon,500
432,Evening,730
432,Midnight,290
433,Morning,170
433,Afternoon,600
433,Evening,780
433,Midnight,230
434,Morning,140
434,Afternoon,520
434,Evening,710
434,Midnight,270
435,Morning,200
435,Afternoon,530
435,Evening,700
435,Midnight,330
436,Morning,160
436,Afternoon,580
436,Evening,850
436,Midnight,340
437,Morning,240
437,Afternoon,560
437,Evening,560
437,Midnight,320
438,Morning,230
438,Afternoon,650
438,Evening,800
438,Midnight,320
439,Morning,250
439,Afternoon,440
439,Evening,690
439,Midnight,380
440,Morning,250
440,Afternoon,570
440,Evening,780
440,Midnight,340
441,Morning,120
441,Afternoon,560
441,Evening,790
441,Midnight,330
442,Morning,380
442,Afternoon,970
442,Evening,1360
442,Midnight,560
443,Morning,370
443,Afternoon,890
443,Evening,1170
443,Midnight,520
444,Morning,480
444,Afternoon,1140
444,Evening,1170
444,Midnight,740
445,Morning,390
445,Afternoon,1010
445,Evening,1280
445,Midnight,590
446,Morning,350
446,Afternoon,900
446,Evening,1330
446,Midnight,600
447,Morning,330
447,Afternoon,1020
447,Evening,1370
447,Midnight,460
448,Morning,200
448,Afternoon,490
448,Evening,680
448,Midnight,390
449,Morning,130
449,Afternoon,680
449,Evening,650
449,Midnight,380
450,Morning,220
450,Afternoon,660
450,Evening,710
450,Midnight,400
451,Morning,110
451,Afternoon,620
451,Evening,770
451,Midnight,330
452,Morning,190
452,Afternoon,570
452,Evening,720
452,Midnight,340
453,Morning,190
453,Afternoon,460
453,Evening,860
453,Midnight,290
454,Morning,310
454,Afternoon,560
454,Evening,670
454,Midnight,290
455,Morning,260
455,Afternoon,640
455,Evening,740
455,Midnight,260
456,Morning,250
456,Afternoon,520
456,Evening,720
456,Midnight,330
457,Morning,200
457,Afternoon,570
457,Evening,710
457,Midnight,340
458,Morning,210
458,Afternoon,640
458,Evening,770
458,Midnight,400
459,Morning,210
459,Afternoon,590
459,Evening,770
459,Midnight,290
460,Morning,220
460,Afternoon,500
460,Evening,840
460,Midnight,310
461,Morning,200
461,Afternoon,680
461,Evening,740
461,Midnight,310
462,Morning,210
462,Afternoon,500
462,Evening,600
462,Midnight,260
463,Morning,160
463,Afternoon,670
463,Evening,710
463,Midnight,260
464,Morning,460
464,Afternoon,1130
464,Evening,1540
464,Midnight,710
465,Morning,380
465,Afternoon,1210
465,Evening,1230
465,Midnight,620
466,Morning,420
466,Afternoon,1080
466,Evening,1450
466,Midnight,570
467,Morning,510
467,Afternoon,1180
467,Evening,1320
467,Midnight,710
468,Morning,420
468,Afternoon,850
468,Evening,1280
468,Midnight,680
469,Morning,520
469,Afternoon,1030
469,Evening,1420
469,Midnight,740
470,Morning,200
470,Afternoon,690
470,Evening,870
470,Midnight,270
471,Morning,240
471,Afternoon,550
471,Evening,780
471,Midnight,400
472,Morning,250
472,Afternoon,570
472,Evening,690
472,Midnight,350
473,Morning,160
473,Afternoon,520
473,Evening,820
473,Midnight,380
474,Morning,230
474,Afternoon,530
474,Evening,870
474,Midnight,360
475,Morning,140
475,Afternoon,580
475,Evening,820
475,Midnight,320
476,Morning,190
476,Afternoon,570
476,Evening,670
476,Midnight,310
477,Morning,150
477,Afternoon,650
477,Evening,540
477,Midnight,300
478,Morning,230
478,Afternoon,550
478,Evening,510
478,Midnight,360
479,Morning,160
479,Afternoon,510
479,Evening,730
479,Midnight,460
480,Morning,180
480,Afternoon,560
480,Evening,680
480,Midnight,390
481,Morning,270
481,Afternoon,520
481,Evening,830
481,Midnight,290
482,Morning,150
482,Afternoon,670
482,Evening,810
482,Midnight,260
483,Morning,210
483,Afternoon,450
483,Evening,680
483,Midnight,410
484,Morning,110
484,Afternoon,220
484,Evening,270
484,Midnight,140
485,Morning,120
485,Afternoon,240
485,Evening,200
485,Midnight,110
486,Morning,80
486,Afternoon,250
486,Evening,250
486,Midnight,140
487,Morning,370
487,Afternoon,940
487,Evening,1400
487,Midnight,490
488,Morning,450
488,Afternoon,1050
488,Evening,1420
488,Midnight,620
489,Morning,310
489,Afternoon,1070
489,Evening,1270
489,Midnight,590
490,Morning,420
490,Afternoon,990
490,Evening,1480
490,Midnight,640
491,Morning,390
491,Afternoon,1190
491,Evening,1370
491,Midnight,500
492,Morning,340
492,Afternoon,1010
492,Evening,1190
492,Midnight,580
493,Morning,600
493,Afternoon,1920
493,Evening,2080
493,Midnight,1040
494,Morning,620
494,Afternoon,1990
494,Evening,2090
494,Midnight,1020
495,Morning,260
495,Afternoon,530
495,Evening,720
495,Midnight,350
496,Morning,270
496,Afternoon,530
496,Evening,830
496,Midnight,320
497,Morning,220
497,Afternoon,590
497,Evening,580
497,Midnight,380
498,Morning,160
498,Afternoon,580
498,Evening,780
498,Midnight,300
499,Morning,210
499,Afternoon,590
499,Evening,610
499,Midnight,440
500,Morning,170
500,Afternoon,540
500,Evening,830
500,Midnight,390
501,Morning,200
501,Afternoon,690
501,Evening,630
501,Midnight,290
502,Morning,260
502,Afternoon,460
502,Evening,670
502,Midnight,460
503,Morning,240
503,Afternoon,500
503,Evening,730
503,Midnight,230
504,Morning,240
504,Afternoon,530
504,Evening,770
504,Midnight,380
505,Morning,170
505,Afternoon,660
505,Evening,810
505,Midnight,370
506,Morning,40
506,Afternoon,260
506,Evening,370
506,Midnight,130
507,Morning,80
507,Afternoon,200
507,Evening,240
507,Midnight,170
508,Morning,50
508,Afternoon,210
508,Evening,300
508,Midnight,80
509,Morning,80
509,Afternoon,200
509,Evening,300
509,Midnight,110
510,Morning,40
510,Afternoon,240
510,Evening,180
510,Midnight,150
511,Morning,70
511,Afternoon,190
511,Evening,280
511,Midnight,110
512,Morning,380
512,Afternoon,980
512,Evening,1490
512,Midnight,590
513,Morning,440
513,Afternoon,1020
513,Evening,1500
513,Midnight,840
514,Morning,390
514,Afternoon,1060
514,Evening,1470
514,Midnight,660
515,Morning,410
515,Afternoon,1080
515,Evening,1310
515,Midnight,540
516,Morning,650
516,Afternoon,1840
516,Evening,2360
516,Midnight,1050
517,Morning,610
517,Afternoon,1680
517,Evening,2360
517,Midnight,1110
518,Morning,600
518,Afternoon,1700
518,Evening,2540
518,Midnight,1060
519,Morning,610
519,Afternoon,1610
519,Evening,2190
519,Midnight,910
520,Morning,210
520,Afternoon,430
520,Evening,590
520,Midnight,310
521,Morning,210
521,Afternoon,610
521,Evening,880
521,Midnight,350
522,Morning,130
522,Afternoon,690
522,Evening,710
522,Midnight,370
523,Morning,290
523,Afternoon,590
523,Evening,730
523,Midnight,540
524,Morning,160
524,Afternoon,560
524,Evening,840
524,Midnight,300
525,Morning,200
525,Afternoon,630
525,Evening,690
525,Midnight,350
526,Morning,230
526,Afternoon,700
526,Evening,680
526,Midnight,370
527,Morning,160
527,Afternoon,430
527,Evening,600
527,Midnight,320
528,Morning,190
528,Afternoon,620
528,Evening,660
528,Midnight,260
529,Morning,190
529,Afternoon,500
529,Evening,650
529,Midnight,380
530,Morning,310
530,Afternoon,510
530,Evening,730
530,Midnight,270
531,Morning,60
531,Afternoon,160
531,Evening,340
531,Midnight,90
532,Morning,100
532,Afternoon,190
532,Evening,310
532,Midnight,190
533,Morning,60
533,Afternoon,330
533,Evening,310
533,Midnight,200
534,Morning,150
534,Afternoon,200
534,Evening,200
534,Midnight,130
535,Morning,80
535,Afternoon,190
535,Evening,300
535,Midnight,130
536,Morning,60
536,Afternoon,210
536,Evening,300
536,Midnight,180
537,Morning,460
537,Afternoon,930
537,Evening,1540
537,Midnight,530
538,Morning,400
538,Afternoon,1080
538,Evening,1540
538,Midnight,770
539,Morning,360
539,Afternoon,1060
539,Evening,1510
539,Midnight,730
540,Morning,390
540,Afternoon,1160
540,Evening,1240
540,Midnight,710
541,Morning,710
541,Afternoon,1900
541,Evening,2260
541,Midnight,1130
542,Morning,670
542,Afternoon,1620
542,Evening,2180
542,Midnight,1130
543,Morning,650
543,Afternoon,1850
543,Evening,2350
543,Midnight,1020
544,Morning,780
544,Afternoon,1830
544,Evening,2160
544,Midnight,1080
545,Morning,290
545,Afternoon,570
545,Evening,640
545,Midnight,320
546,Morning,220
546,Afternoon,490
546,Evening,620
546,Midnight,280
547,Morning,210
547,Afternoon,520
547,Evening,730
547,Midnight,370
548,Morning,220
548,Afternoon,570
548,Evening,820
548,Midnight,410
549,Morning,230
549,Afternoon,620
549,Evening,940
549,Midnight,340
550,Morning,220
550,Afternoon,580
550,Evening,690
550,Midnight,330
551,Morning,210
551,Afternoon,510
551,Evening,800
551,Midnight,370
552,Morning,40
552,Afternoon,210
552,Evening,360
552,Midnight,110
553,Morning,90
553,Afternoon,80
553,Evening,260
553,Midnight,90
554,Morning,240
554,Afternoon,610
554,Evening,870
554,Midnight,310
555,Morning,130
555,Afternoon,480
555,Evening,700
555,Midnight,340
556,Morning,70
556,Afternoon,180
556,Evening,290
556,Midnight,160
557,Morning,90
557,Afternoon,210
557,Evening,430
557,Midnight,130
558,Morning,90
558,Afternoon,190
558,Evening,270
558,Midnight,100
559,Morning,70
559,Afternoon,170
559,Evening,370
559,Midnight,130
560,Morning,100
560,Afternoon,230
560,Evening,350
560,Midnight,50
561,Morning,470
561,Afternoon,1100
561,Evening,1150
561,Midnight,650
562,Morning,400
562,Afternoon,1020
562,Evening,1290
562,Midnight,670
563,Morning,460
563,Afternoon,970
563,Evening,1440
563,Midnight,650
564,Morning,400
564,Afternoon,1130
564,Evening,1300
564,Midnight,560
565,Morning,670
565,Afternoon,1870
565,Evening,2380
565,Midnight,950
566,Morning,650
566,Afternoon,1820
566,Evening,2250
566,Midnight,1070
567,Morning,640
567,Afternoon,1630
567,Evening,2460
567,Midnight,930
568,Morning,820
568,Afternoon,1760
568,Evening,2490
568,Midnight,1070
569,Morning,250
569,Afternoon,490
569,Evening,700
569,Midnight,330
570,Morning,220
570,Afternoon,630
570,Evening,780
570,Midnight,320
571,Morning,310
571,Afternoon,730
571,Evening,730
571,Midnight,320
572,Morning,160
572,Afternoon,490
572,Evening,870
572,Midnight,370
573,Morning,200
573,Afternoon,560
573,Evening,800
573,Midnight,360
574,Morning,230
574,Afternoon,610
574,Evening,790
574,Midnight,330
575,Morning,200
575,Afternoon,610
575,Evening,830
575,Midnight,420
576,Morning,210
576,Afternoon,600
576,Evening,620
576,Midnight,300
577,Morning,70
577,Afternoon,180
577,Evening,270
577,Midnight,220
578,Morning,50
578,Afternoon,220
578,Evening,170
578,Midnight,170
579,Morning,100
579,Afternoon,210
579,Evening,250
579,Midnight,150
580,Morning,80
580,Afternoon,160
580,Evening,300
580,Midnight,170
581,Morning,40
581,Afternoon,180
581,Evening,260
581,Midnight,110
582,Morning,110
582,Afternoon,170
582,Evening,320
582,Midnight,70
583,Morning,80
583,Afternoon,210
583,Evening,260
583,Midnight,90
584,Morning,330
584,Afternoon,1130
584,Evening,1340
584,Midnight,690
585,Morning,350
585,Afternoon,1040
585,Evening,1430
585,Midnight,460
586,Morning,440
586,Afternoon,1020
586,Evening,1390
586,Midnight,590
587,Morning,410
587,Afternoon,1210
587,Evening,1320
587,Midnight,660
588,Morning,480
588,Afternoon,1190
588,Evening,1540
588,Midnight,450
589,Morning,680
589,Afternoon,2080
589,Evening,2320
589,Midnight,1000
590,Morning,600
590,Afternoon,1840
590,Evening,2590
590,Midnight,1110
591,Morning,670
591,Afternoon,1820
591,Evening,2380
591,Midnight,1070
592,Morning,310
592,Afternoon,500
592,Evening,900
592,Midnight,250
593,Morning,120
593,Afternoon,500
593,Evening,880
593,Midnight,250
594,Morning,60
594,Afternoon,230
594,Evening,200
594,Midnight,110
595,Morning,100
595,Afternoon,110
595,Evening,200
595,Midnight,80
596,Morning,60
596,Afternoon,140
596,Evening,230
596,Midnight,160
597,Morning,60
597,Afternoon,260
597,Evening,250
597,Midnight,60
598,Morning,170
598,Afternoon,530
598,Evening,750
598,Midnight,270
599,Morning,200
599,Afternoon,540
599,Evening,770
599,Midnight,420
600,Morning,240
600,Afternoon,530
600,Evening,920
600,Midnight,350
601,Morning,80
601,Afternoon,180
601,Evening,290
601,Midnight,110
602,Morning,80
602,Afternoon,240
602,Evening,260
602,Midnight,180
603,Morning,70
603,Afternoon,270
603,Evening,260
603,Midnight,140
604,Morning,70
604,Afternoon,190
604,Evening,290
604,Midnight,110
605,Morning,110
605,Afternoon,90
605,Evening,300
605,Midnight,230
606,Morning,60
606,Afternoon,220
606,Evening,210
606,Midnight,100
607,Morning,320
607,Afternoon,930
607,Evening,1450
607,Midnight,600
608,Morning,400
608,Afternoon,1070
608,Evening,1180
608,Midnight,680
609,Morning,440
609,Afternoon,890
609,Evening,1290
609,Midnight,550
610,Morning,440
610,Afternoon,990
610,Evening,1220
610,Midnight,630
611,Morning,410
611,Afternoon,1150
611,Evening,1270
611,Midnight,690
612,Morning,670
612,Afternoon,1460
612,Evening,2260
612,Midnight,1020
613,Morning,660
613,Afternoon,1770
613,Evening,2530
613,Midnight,1020
614,Morning,810
614,Afternoon,2030
614,Evening,2060
614,Midnight,1090
615,Morning,190
615,Afternoon,520
615,Evening,830
615,Midnight,280
616,Morning,190
616,Afternoon,760
616,Evening,750
616,Midnight,340
617,Morning,30
617,Afternoon,200
617,Evening,240
617,Midnight,140
618,Morning,80
618,Afternoon,260
618,Evening,160
618,Midnight,120
619,Morning,60
619,Afternoon,250
619,Evening,320
619,Midnight,80
620,Morning,30
620,Afternoon,240
620,Evening,320
620,Midnight,90
621,Morning,120
621,Afternoon,230
621,Evening,300
621,Midnight,70
622,Morning,90
622,Afternoon,200
622,Evening,250
622,Midnight,140
623,Morning,90
623,Afternoon,220
623,Evening,320
623,Midnight,140
624,Morning,110
624,Afternoon,200
624,Evening,310
624,Midnight,100
625,Morning,90
625,Afternoon,170
625,Evening,270
625,Midnight,110
626,Morning,80
626,Afternoon,170
626,Evening,230
626,Midnight,130
627,Morning,70
627,Afternoon,220
627,Evening,280
627,Midnight,140
628,Morning,20
628,Afternoon,250
628,Evening,210
628,Midnight,180
629,Morning,60
629,Afternoon,270
629,Evening,270
629,Midnight,140
630,Morning,380
630,Afternoon,1030
630,Evening,1270
630,Midnight,640
631,Morning,400
631,Afternoon,1030
631,Evening,1420
631,Midnight,630
632,Morning,310
632,Afternoon,1060
632,Evening,1440
632,Midnight,750
633,Morning,340
633,Afternoon,1080
633,Evening,1200
633,Midnight,600
634,Morning,450
634,Afternoon,1160
634,Evening,1170
634,Midnight,780
635,Morning,820
635,Afternoon,1710
635,Evening,2320
635,Midnight,1010
636,Morning,750
636,Afternoon,1590
636,Evening,2410
636,Midnight,1020
637,Morning,740
637,Afternoon,1840
637,Evening,2420
637,Midnight,900
638,Morning,270
638,Afternoon,750
638,Evening,700
638,Midnight,440
639,Morning,250
639,Afternoon,520
639,Evening,800
639,Midnight,370
640,Morning,100
640,Afternoon,300
640,Evening,290
640,Midnight,180
641,Morning,110
641,Afternoon,170
641,Evening,320
641,Midnight,160
642,Morning,70
642,Afternoon,210
642,Evening,250
642,Midnight,90
643,Morning,70
643,Afternoon,150
643,Evening,320
643,Midnight,130
644,Morning,90
644,Afternoon,200
644,Evening,250
644,Midnight,120
645,Morning,80
645,Afternoon,280
645,Evening,270
645,Midnight,80
646,Morning,80
646,Afternoon,300
646,Evening,320
646,Midnight,130
647,Morning,100
647,Afternoon,190
647,Evening,210
647,Midnight,130
648,Morning,70
648,Afternoon,260
648,Evening,310
648,Midnight,150
649,Morning,40
649,Afternoon,260
649,Evening,190
649,Midnight,120
650,Morning,70
650,Afternoon,160
650,Evening,340
650,Midnight,150
651,Morning,20
651,Afternoon,230
651,Evening,200
651,Midnight,120
652,Morning,120
652,Afternoon,150
652,Evening,250
652,Midnight,90
653,Morning,470
653,Afternoon,1110
653,Evening,1410
653,Midnight,450
654,Morning,380
654,Afternoon,990
654,Evening,1420
654,Midnight,670
655,Morning,330
655,Afternoon,870
655,Evening,1360
655,Midnight,570
656,Morning,370
656,Afternoon,1000
656,Evening,1360
656,Midnight,630
657,Morning,350
657,Afternoon,970
657,Evening,1470
657,Midnight,630
658,Morning,730
658,Afternoon,1870
658,Evening,2250
658,Midnight,1090
659,Morning,760
659,Afternoon,1930
659,Evening,2280
659,Midnight,1030
660,Morning,560
660,Afternoon,1920
660,Evening,2380
660,Midnight,970
661,Morning,110
661,Afternoon,220
661,Evening,320
661,Midnight,50
662,Morning,70
662,Afternoon,170
662,Evening,300
662,Midnight,160
663,Morning,70
663,Afternoon,260
663,Evening,190
663,Midnight,120
664,Morning,90
664,Afternoon,160
664,Evening,280
664,Midnight,200
665,Morning,80
665,Afternoon,190
665,Evening,240
665,Midnight,110
666,Morning,90
666,Afternoon,200
666,Evening,350
666,Midnight,180
667,Morning,100
667,Afternoon,220
667,Evening,360
667,Midnight,90
668,Morning,80
668,Afternoon,160
668,Evening,250
668,Midnight,100
669,Morning,70
669,Afternoon,190
669,Evening,290
669,Midnight,160
670,Morning,140
670,Afternoon,160
670,Evening,330
670,Midnight,130
671,Morning,90
671,Afternoon,290
671,Evening,300
671,Midnight,100
672,Morning,60
672,Afternoon,200
672,Evening,320
672,Midnight,90
673,Morning,110
673,Afternoon,220
673,Evening,220
673,Midnight,150
674,Morning,80
674,Afternoon,160
674,Evening,310
674,Midnight,150
675,Morning,90
675,Afternoon,230
675,Evening,320
675,Midnight,170
676,Morning,520
676,Afternoon,1030
676,Evening,1200
676,Midnight,620
677,Morning,390
677,Afternoon,1190
677,Evening,1260
677,Midnight,640
678,Morning,400
678,Afternoon,1170
678,Evening,1380
678,Midnight,620
679,Morning,310
679,Afternoon,1050
679,Evening,1170
679,Midnight,580
680,Morning,350
680,Afternoon,1020
680,Evening,1370
680,Midnight,640
681,Morning,680
681,Afternoon,1640
681,Evening,2250
681,Midnight,940
682,Morning,520
682,Afternoon,1680
682,Evening,2460
682,Midnight,1340
683,Morning,630
683,Afternoon,1900
683,Evening,2490
683,Midnight,1130
684,Morning,80
684,Afternoon,250
684,Evening,310
684,Midnight,130
685,Morning,80
685,Afternoon,180
685,Evening,330
685,Midnight,170
686,Morning,60
686,Afternoon,210
686,Evening,350
686,Midnight,80
687,Morning,70
687,Afternoon,260
687,Evening,260
687,Midnight,130
688,Morning,60
688,Afternoon,250
688,Evening,180
688,Midnight,120
689,Morning,110
689,Afternoon,240
689,Evening,170
689,Midnight,180
690,Morning,80
690,Afternoon,260
690,Evening,250
690,Midnight,110
691,Morning,130
691,Afternoon,190
691,Evening,220
691,Midnight,100
692,Morning,20
692,Afternoon,230
692,Evening,330
692,Midnight,130
693,Morning,140
693,Afternoon,170
693,Evening,240
693,Midnight,100
694,Morning,100
694,Afternoon,230
694,Evening,250
694,Midnight,40
695,Morning,70
695,Afternoon,250
695,Evening,320
695,Midnight,120
696,Morning,80
696,Afternoon,220
696,Evening,310
696,Midnight,180
697,Morning,110
697,Afternoon,140
697,Evening,280
697,Midnight,120
698,Morning,110
698,Afternoon,220
698,Evening,190
698,Midnight,90
699,Morning,410
699,Afternoon,1180
699,Evening,1400
699,Midnight,670
700,Morning,310
700,Afternoon,920
700,Evening,1450
700,Midnight,680
701,Morning,760
701,Afternoon,1500
701,Evening,2410
701,Midnight,1120
702,Morning,540
702,Afternoon,1610
702,Evening,2660
702,Midnight,910
703,Morning,630
703,Afternoon,1860
703,Evening,2380
703,Midnight,1030
704,Morning,730
704,Afternoon,1950
704,Evening,2470
704,Midnight,970
705,Morning,580
705,Afternoon,1860
705,Evening,2370
705,Midnight,980
706,Morning,720
706,Afternoon,1980
706,Evening,2250
706,Midnight,960
707,Morning,100
707,Afternoon,190
707,Evening,340
707,Midnight,170
708,Morning,70
708,Afternoon,200
708,Evening,320
708,Midnight,90
709,Morning,70
709,Afternoon,180
709,Evening,200
709,Midnight,90
710,Morning,40
710,Afternoon,190
710,Evening,240
710,Midnight,80
711,Morning,130
711,Afternoon,160
711,Evening,260
711,Midnight,140
712,Morning,30
712,Afternoon,240
712,Evening,260
712,Midnight,130
713,Morning,100
713,Afternoon,230
713,Evening,350
713,Midnight,120
714,Morning,100
714,Afternoon,170
714,Evening,230
714,Midnight,130
715,Morning,70
715,Afternoon,190
715,Evening,270
715,Midnight,100
716,Morning,1750
716,Afternoon,4480
716,Evening,5940
716,Midnight,2770
717,Morning,1690
717,Afternoon,4620
717,Evening,5980
717,Midnight,2740
718,Morning,1810
718,Afternoon,4870
718,Evening,5870
718,Midnight,2530
719,Morning,1910
719,Afternoon,4690
719,Evening,5990
719,Midnight,3010
720,Morning,1880
720,Afternoon,4610
720,Evening,6190
720,Midnight,2980
721,Morning,1780
721,Afternoon,4570
721,Evening,6060
721,Midnight,3060
722,Morning,1570
722,Afternoon,4330
722,Evening,5930
722,Midnight,2670
723,Morning,1930
723,Afternoon,4480
723,Evening,6240
723,Midnight,3060
724,Morning,1660
724,Afternoon,4820
724,Evening,6760
724,Midnight,3090
725,Morning,790
725,Afternoon,1690
725,Evening,2330
725,Midnight,1040
726,Morning,750
726,Afternoon,1910
726,Evening,2280
726,Midnight,1050
727,Morning,620
727,Afternoon,1730
727,Evening,2500
727,Midnight,1170
728,Morning,860
728,Afternoon,1600
728,Evening,2230
728,Midnight,1090
729,Morning,700
729,Afternoon,2050
729,Evening,2660
729,Midnight,1120
730,Morning,760
730,Afternoon,1770
730,Evening,2020
730,Midnight,1100
731,Morning,790
731,Afternoon,1940
731,Evening,2120
731,Midnight,1160
732,Morning,650
732,Afternoon,1920
732,Evening,2130
732,Midnight,1130
733,Morning,70
733,Afternoon,190
733,Evening,220
733,Midnight,150
734,Morning,60
734,Afternoon,160
734,Evening,300
734,Midnight,130
735,Morning,140
735,Afternoon,240
735,Evening,260
735,Midnight,110
736,Morning,120
736,Afternoon,150
736,Evening,320
736,Midnight,150
737,Morning,50
737,Afternoon,150
737,Evening,240
737,Midnight,170
738,Morning,150
738,Afternoon,250
738,Evening,200
738,Midnight,100
739,Morning,60
739,Afternoon,330
739,Evening,300
739,Midnight,100
740,Morning,70
740,Afternoon,260
740,Evening,200
740,Midnight,140
741,Morning,1960
741,Afternoon,4640
741,Evening,5810
741,Midnight,2950
742,Morning,1880
742,Afternoon,4810
742,Evening,6400
742,Midnight,2890
743,Morning,1740
743,Afternoon,4700
743,Evening,5680
743,Midnight,2700
744,Morning,1930
744,Afternoon,4920
744,Evening,6020
744,Midnight,3100
745,Morning,1710
745,Afternoon,5000
745,Evening,6440
745,Midnight,2610
746,Morning,1880
746,Afternoon,4760
746,Evening,5870
746,Midnight,2970
747,Morning,1880
747,Afternoon,4740
747,Evening,6430
747,Midnight,2720
748,Morning,1540
748,Afternoon,5020
748,Evening,6200
748,Midnight,2760
749,Morning,1780
749,Afternoon,5120
749,Evening,6490
749,Midnight,2830
750,Morning,1730
750,Afternoon,4950
750,Evening,6380
750,Midnight,3090
751,Morning,1950
751,Afternoon,4720
751,Evening,6430
751,Midnight,2750
752,Morning,1880
752,Afternoon,5110
752,Evening,6110
752,Midnight,2850
753,Morning,1720
753,Afternoon,4790
753,Evening,6150
753,Midnight,3060
754,Morning,700
754,Afternoon,1830
754,Evening,2310
754,Midnight,960
755,Morning,720
755,Afternoon,1900
755,Evening,2300
755,Midnight,1090
756,Morning,670
756,Afternoon,1680
756,Evening,2290
756,Midnight,1110
757,Morning,640
757,Afternoon,1830
757,Evening,2300
757,Midnight,1240
758,Morning,670
758,Afternoon,1890
758,Evening,2460
758,Midnight,1260
759,Morning,660
759,Afternoon,1570
759,Evening,2420
759,Midnight,1110
760,Morning,620
760,Afternoon,1980
760,Evening,2320
760,Midnight,1040
761,Morning,70
761,Afternoon,160
761,Evening,180
761,Midnight,60
762,Morning,50
762,Afternoon,130
762,Evening,240
762,Midnight,110
763,Morning,70
763,Afternoon,220
763,Evening,260
763,Midnight,130
764,Morning,70
764,Afternoon,290
764,Evening,220
764,Midnight,80
765,Morning,120
765,Afternoon,260
765,Evening,340
765,Midnight,80
766,Morning,70
766,Afternoon,280
766,Evening,220
766,Midnight,90
767,Morning,80
767,Afternoon,200
767,Evening,210
767,Midnight,100
768,Morning,50
768,Afternoon,220
768,Evening,280
768,Midnight,190
769,Morning,1830
769,Afternoon,4560
769,Evening,6220
769,Midnight,2830
770,Morning,1870
770,Afternoon,4440
770,Evening,5940
770,Midnight,2520
771,Morning,1970
771,Afternoon,4980
771,Evening,6100
771,Midnight,2610
772,Morning,1830
772,Afternoon,4670
772,Evening,6200
772,Midnight,2920
773,Morning,1850
773,Afternoon,4900
773,Evening,5940
773,Midnight,2760
774,Morning,1750
774,Afternoon,4910
774,Evening,6060
774,Midnight,2990
775,Morning,1820
775,Afternoon,4420
775,Evening,5780
775,Midnight,2830
776,Morning,1780
776,Afternoon,4740
776,Evening,6250
776,Midnight,2740
777,Morning,2020
777,Afternoon,4790
777,Evening,6040
777,Midnight,3070
778,Morning,1950
778,Afternoon,4630
778,Evening,5770
778,Midnight,3110
779,Morning,2130
779,Afternoon,4950
779,Evening,6710
779,Midnight,3110
780,Morning,2000
780,Afternoon,4890
780,Evening,6090
780,Midnight,2940
781,Morning,2010
781,Afternoon,4820
781,Evening,5940
781,Midnight,2990
782,Morning,1760
782,Afternoon,4780
782,Evening,6560
782,Midnight,2780
783,Morning,700
783,Afternoon,1710
783,Evening,2150
783,Midnight,1100
784,Morning,600
784,Afternoon,1690
784,Evening,1970
784,Midnight,1140
785,Morning,640
785,Afternoon,1740
785,Evening,2190
785,Midnight,1160
786,Morning,530
786,Afternoon,1960
786,Evening,2570
786,Midnight,1040
787,Morning,570
787,Afternoon,1540
787,Evening,2390
787,Midnight,1120
788,Morning,750
788,Afternoon,1870
788,Evening,2050
788,Midnight,1000
789,Morning,770
789,Afternoon,1750
789,Evening,2370
789,Midnight,1080
790,Morning,690
790,Afternoon,1990
790,Evening,2230
790,Midnight,1330
791,Morning,70
791,Afternoon,190
791,Evening,330
791,Midnight,150
792,Morning,100
792,Afternoon,190
792,Evening,250
792,Midnight,120
793,Morning,40
793,Afternoon,220
793,Evening,170
793,Midnight,120
794,Morning,30
794,Afternoon,160
794,Evening,310
794,Midnight,90
795,Morning,110
795,Afternoon,300
795,Evening,270
795,Midnight,180
796,Morning,70
796,Afternoon,290
796,Evening,280
796,Midnight,150
797,Morning,70
797,Afternoon,210
797,Evening,220
797,Midnight,80
798,Morning,1910
798,Afternoon,4830
798,Evening,5960
798,Midnight,2680
799,Morning,1770
799,Afternoon,4630
799,Evening,6010
799,Midnight,3070
800,Morning,1620
800,Afternoon,4760
800,Evening,6350
800,Midnight,3000
801,Morning,1690
801,Afternoon,4900
801,Evening,6460
801,Midnight,2750
802,Morning,1760
802,Afternoon,4910
802,Evening,6340
802,Midnight,2810
803,Morning,1560
803,Afternoon,4650
803,Evening,6220
803,Midnight,2830
804,Morning,1990
804,Afternoon,4900
804,Evening,6520
804,Midnight,2690
805,Morning,1750
805,Afternoon,4620
805,Evening,6470
805,Midnight,3200
806,Morning,1650
806,Afternoon,4680
806,Evening,6210
806,Midnight,2910
807,Morning,1670
807,Afternoon,4860
807,Evening,6700
807,Midnight,3290
808,Morning,1950
808,Afternoon,4780
808,Evening,6230
808,Midnight,2970
809,Morning,1970
809,Afternoon,5020
809,Evening,6400
809,Midnight,2760
810,Morning,1760
810,Afternoon,5230
810,Evening,6660
810,Midnight,2890
811,Morning,2020
811,Afternoon,4860
811,Evening,6530
811,Midnight,2870
812,Morning,740
812,Afternoon,1700
812,Evening,2510
812,Midnight,1000
813,Morning,620
813,Afternoon,1820
813,Evening,2110
813,Midnight,1180
814,Morning,660
814,Afternoon,1860
814,Evening,2260
814,Midnight,1040
815,Morning,580
815,Afternoon,1680
815,Evening,2450
815,Midnight,980
816,Morning,670
816,Afternoon,1870
816,Evening,2270
816,Midnight,960
817,Morning,710
817,Afternoon,1540
817,Evening,2080
817,Midnight,1050
818,Morning,720
818,Afternoon,1820
818,Evening,2200
818,Midnight,1130
819,Morning,820
819,Afternoon,1730
819,Evening,2040
819,Midnight,1140
820,Morning,1500
820,Afternoon,4150
820,Evening,5530
820,Midnight,2820
821,Morning,110
821,Afternoon,190
821,Evening,310
821,Midnight,150
822,Morning,100
822,Afternoon,270
822,Evening,380
822,Midnight,150
823,Morning,50
823,Afternoon,240
823,Evening,300
823,Midnight,130
824,Morning,1980
824,Afternoon,4790
824,Evening,6040
824,Midnight,2750
825,Morning,1870
825,Afternoon,4960
825,Evening,6320
825,Midnight,2640
826,Morning,1640
826,Afternoon,4540
826,Evening,6190
826,Midnight,3030
827,Morning,1820
827,Afternoon,4820
827,Evening,6540
827,Midnight,2720
828,Morning,1840
828,Afternoon,4690
828,Evening,6330
828,Midnight,2770
829,Morning,1840
829,Afternoon,4940
829,Evening,6420
829,Midnight,2700
830,Morning,1760
830,Afternoon,4700
830,Evening,6360
830,Midnight,2780
831,Morning,2060
831,Afternoon,4800
831,Evening,6250
831,Midnight,3000
832,Morning,1860
832,Afternoon,4970
832,Evening,6290
832,Midnight,2790
833,Morning,1850
833,Afternoon,4760
833,Evening,6130
833,Midnight,2930
834,Morning,1770
834,Afternoon,4410
834,Evening,6250
834,Midnight,2780
835,Morning,1870
835,Afternoon,4600
835,Evening,6200
835,Midnight,2870
836,Morning,1710
836,Afternoon,4900
836,Evening,6340
836,Midnight,2890
837,Morning,1790
837,Afternoon,4680
837,Evening,6220
837,Midnight,2990
838,Morning,1740
838,Afternoon,4920
838,Evening,6010
838,Midnight,2700
839,Morning,1740
839,Afternoon,5000
839,Evening,5840
839,Midnight,2980
840,Morning,710
840,Afternoon,1900
840,Evening,2010
840,Midnight,1060
841,Morning,720
841,Afternoon,1720
841,Evening,2310
841,Midnight,1040
842,Morning,680
842,Afternoon,1770
842,Evening,2380
842,Midnight,1000
843,Morning,610
843,Afternoon,1620
843,Evening,2590
843,Midnight,1180
844,Morning,600
844,Afternoon,1560
844,Evening,2660
844,Midnight,1130
845,Morning,490
845,Afternoon,1930
845,Evening,2270
845,Midnight,1090
846,Morning,1540
846,Afternoon,4200
846,Evening,5040
846,Midnight,2380
847,Morning,1610
847,Afternoon,4050
847,Evening,5470
847,Midnight,2660
848,Morning,1660
848,Afternoon,4500
848,Evening,5170
848,Midnight,2470
849,Morning,1390
849,Afternoon,4360
849,Evening,4840
849,Midnight,2490
850,Morning,1690
850,Afternoon,4740
850,Evening,6100
850,Midnight,2760
851,Morning,1750
851,Afternoon,4580
851,Evening,6100
851,Midnight,2810
852,Morning,1880
852,Afternoon,4680
852,Evening,6030
852,Midnight,2520
853,Morning,1940
853,Afternoon,4570
853,Evening,5570
853,Midnight,2960
854,Morning,1850
854,Afternoon,5110
854,Evening,6330
854,Midnight,2610
855,Morning,1780
855,Afternoon,4660
855,Evening,6340
855,Midnight,3000
856,Morning,1520
856,Afternoon,4750
856,Evening,6340
856,Midnight,3040
857,Morning,2150
857,Afternoon,4730
857,Evening,6520
857,Midnight,2820
858,Morning,1840
858,Afternoon,5370
858,Evening,6360
858,Midnight,3100
859,Morning,1670
859,Afternoon,5220
859,Evening,6080
859,Midnight,3040
860,Morning,1820
860,Afternoon,4890
860,Evening,6630
860,Midnight,3090
861,Morning,1900
861,Afternoon,4960
861,Evening,6570
861,Midnight,3410
862,Morning,1990
862,Afternoon,4520
862,Evening,7150
862,Midnight,2900
863,Morning,1780
863,Afternoon,5070
863,Evening,6450
863,Midnight,2800
864,Morning,1640
864,Afternoon,5290
864,Evening,6440
864,Midnight,2630
865,Morning,1530
865,Afternoon,4240
865,Evening,5100
865,Midnight,2490
866,Morning,1660
866,Afternoon,3910
866,Evening,5030
866,Midnight,2570
867,Morning,1740
867,Afternoon,4100
867,Evening,5110
867,Midnight,2440
868,Morning,1640
868,Afternoon,3880
868,Evening,5110
868,Midnight,2260
869,Morning,1540
869,Afternoon,3850
869,Evening,5220
869,Midnight,2630
870,Morning,1770
870,Afternoon,4180
870,Evening,5330
870,Midnight,2220
871,Morning,1480
871,Afternoon,4030
871,Evening,5210
871,Midnight,2450
872,Morning,1380
872,Afternoon,4280
872,Evening,5240
872,Midnight,2550
873,Morning,1670
873,Afternoon,3910
873,Evening,5290
873,Midnight,2280
874,Morning,1370
874,Afternoon,4300
874,Evening,5750
874,Midnight,2630
875,Morning,1620
875,Afternoon,4270
875,Evening,5580
875,Midnight,2590
876,Morning,1680
876,Afternoon,4790
876,Evening,6310
876,Midnight,2910
877,Morning,1570
877,Afternoon,4840
877,Evening,5970
877,Midnight,2850
878,Morning,1720
878,Afternoon,4950
878,Evening,6460
878,Midnight,2780
879,Morning,1590
879,Afternoon,3610
879,Evening,4700
879,Midnight,2090
880,Morning,1440
880,Afternoon,4110
880,Evening,5050
880,Midnight,2550
881,Morning,1310
881,Afternoon,3690
881,Evening,4950
881,Midnight,2290
882,Morning,1910
882,Afternoon,5120
882,Evening,7030
882,Midnight,2920
883,Morning,1970
883,Afternoon,4740
883,Evening,6570
883,Midnight,2830
884,Morning,1840
884,Afternoon,4830
884,Evening,6540
884,Midnight,2910
885,Morning,1600
885,Afternoon,5110
885,Evening,6160
885,Midnight,3040
886,Morning,1840
886,Afternoon,5180
886,Evening,6050
886,Midnight,2790
887,Morning,1870
887,Afternoon,5090
887,Evening,6100
887,Midnight,2750
888,Morning,1920
888,Afternoon,4970
888,Evening,6510
888,Midnight,2650
889,Morning,1890
889,Afternoon,5130
889,Evening,6320
889,Midnight,2990
890,Morning,1590
890,Afternoon,3790
890,Evening,5430
890,Midnight,2230
891,Morning,1680
891,Afternoon,4180
891,Evening,5350
891,Midnight,2650
892,Morning,1640
892,Afternoon,3940
892,Evening,5120
892,Midnight,2340
893,Morning,1440
893,Afternoon,4020
893,Evening,5190
893,Midnight,2410
894,Morning,1570
894,Afternoon,3730
894,Evening,5630
894,Midnight,2440
895,Morning,1550
895,Afternoon,4250
895,Evening,5330
895,Midnight,2350
896,Morning,1870
896,Afternoon,3960
896,Evening,5340
896,Midnight,2920
897,Morning,1510
897,Afternoon,4370
897,Evening,5520
897,Midnight,2460
898,Morning,1470
898,Afternoon,4020
898,Evening,5670
898,Midnight,2060
899,Morning,1560
899,Afternoon,4200
899,Evening,5390
899,Midnight,2510
900,Morning,1560
900,Afternoon,4010
900,Evening,5770
900,Midnight,2450
901,Morning,1920
901,Afternoon,4510
901,Evening,5980
901,Midnight,2950
902,Morning,1600
902,Afternoon,4500
902,Evening,6120
902,Midnight,2800
903,Morning,1570
903,Afternoon,4110
903,Evening,5360
903,Midnight,2270
904,Morning,1380
904,Afternoon,3990
904,Evening,4660
904,Midnight,2420
905,Morning,1560
905,Afternoon,3910
905,Evening,5170
905,Midnight,2310
906,Morning,1270
906,Afternoon,3920
906,Evening,5500
906,Midnight,2370
907,Morning,1650
907,Afternoon,4290
907,Evening,5310
907,Midnight,2260
908,Morning,1700
908,Afternoon,5260
908,Evening,6520
908,Midnight,3030
909,Morning,2030
909,Afternoon,4960
909,Evening,6710
909,Midnight,3020
910,Morning,1860
910,Afternoon,5190
910,Evening,6110
910,Midnight,3100
911,Morning,1700
911,Afternoon,5350
911,Evening,6510
911,Midnight,2930
912,Morning,1910
912,Afternoon,5290
912,Evening,6650
912,Midnight,2970
913,Morning,2010
913,Afternoon,4620
913,Evening,6270
913,Midnight,2740
914,Morning,1320
914,Afternoon,4230
914,Evening,5850
914,Midnight,2520
915,Morning,1450
915,Afternoon,3930
915,Evening,5600
915,Midnight,2600
916,Morning,1640
916,Afternoon,4200
916,Evening,5420
916,Midnight,2700
917,Morning,1730
917,Afternoon,4230
917,Evening,5400
917,Midnight,2240
918,Morning,1540
918,Afternoon,4160
918,Evening,5220
918,Midnight,2310
919,Morning,1750
919,Afternoon,4070
919,Evening,5680
919,Midnight,2490
920,Morning,1530
920,Afternoon,4460
920,Evening,5650
920,Midnight,2530
921,Morning,1430
921,Afternoon,3950
921,Evening,5130
921,Midnight,2490
922,Morning,1540
922,Afternoon,4090
922,Evening,5050
922,Midnight,2450
923,Morning,1660
923,Afternoon,3970
923,Evening,4880
923,Midnight,2570
924,Morning,1970
924,Afternoon,5410
924,Evening,6170
924,Midnight,3150
925,Morning,1190
925,Afternoon,3770
925,Evening,4940
925,Midnight,2030
926,Morning,1610
926,Afternoon,3790
926,Evening,4950
926,Midnight,2150
927,Morning,1550
927,Afternoon,3910
927,Evening,5200
927,Midnight,2130
928,Morning,1460
928,Afternoon,3910
928,Evening,5220
928,Midnight,2180
929,Morning,1480
929,Afternoon,4170
929,Evening,5180
929,Midnight,2450
930,Morning,1460
930,Afternoon,4050
930,Evening,5080
930,Midnight,2190
931,Morning,1540
931,Afternoon,4210
931,Evening,5080
931,Midnight,2420
932,Morning,1940
932,Afternoon,4740
932,Evening,6470
932,Midnight,3030
933,Morning,1900
933,Afternoon,4840
933,Evening,6400
933,Midnight,3220
934,Morning,1930
934,Afternoon,4830
934,Evening,6240
934,Midnight,2980
935,Morning,1970
935,Afternoon,5010
935,Evening,5900
935,Midnight,2800
936,Morning,1670
936,Afternoon,5000
936,Evening,6390
936,Midnight,3000
937,Morning,1570
937,Afternoon,4560
937,Evening,5390
937,Midnight,2940
938,Morning,1460
938,Afternoon,3960
938,Evening,5000
938,Midnight,2170
939,Morning,1720
939,Afternoon,4320
939,Evening,4790
939,Midnight,2540
940,Morning,1600
940,Afternoon,4360
940,Evening,5390
940,Midnight,2220
941,Morning,1550
941,Afternoon,4000
941,Evening,5200
941,Midnight,2370
942,Morning,1680
942,Afternoon,4000
942,Evening,5760
942,Midnight,2540
943,Morning,1510
943,Afternoon,4070
943,Evening,5310
943,Midnight,2550
944,Morning,1610
944,Afternoon,4230
944,Evening,5340
944,Midnight,2570
945,Morning,1830
945,Afternoon,5080
945,Evening,6300
945,Midnight,3060
946,Morning,1890
946,Afternoon,5240
946,Evening,6170
946,Midnight,2910
947,Morning,1690
947,Afternoon,4780
947,Evening,6200
947,Midnight,3070
948,Morning,1480
948,Afternoon,3940
948,Evening,5180
948,Midnight,2220
949,Morning,1450
949,Afternoon,3720
949,Evening,5600
949,Midnight,2470
950,Morning,1530
950,Afternoon,3690
950,Evening,4660
950,Midnight,2300
951,Morning,1460
951,Afternoon,3880
951,Evening,5090
951,Midnight,2380
952,Morning,1290
952,Afternoon,3480
952,Evening,4740
952,Midnight,2410
953,Morning,1750
953,Afternoon,3880
953,Evening,4800
953,Midnight,2170
954,Morning,1600
954,Afternoon,3920
954,Evening,4860
954,Midnight,2570
955,Morning,1850
955,Afternoon,4690
955,Evening,5900
955,Midnight,2920
956,Morning,1800
956,Afternoon,4400
956,Evening,6230
956,Midnight,2880
957,Morning,1690
957,Afternoon,5020
957,Evening,6320
957,Midnight,2780
958,Morning,1440
958,Afternoon,3940
958,Evening,5380
958,Midnight,2220
959,Morning,1720
959,Afternoon,4580
959,Evening,5500
959,Midnight,2730
960,Morning,1540
960,Afternoon,4180
960,Evening,5600
960,Midnight,2770
961,Morning,1470
961,Afternoon,4600
961,Evening,5330
961,Midnight,2470
962,Morning,1540
962,Afternoon,4130
962,Evening,5270
962,Midnight,2460
963,Morning,1580
963,Afternoon,4060
963,Evening,5210
963,Midnight,2370
964,Morning,1630
964,Afternoon,4330
964,Evening,5520
964,Midnight,2430
965,Morning,1940
965,Afternoon,5090
965,Evening,6320
965,Midnight,3050
966,Morning,1830
966,Afternoon,5150
966,Evening,6460
966,Midnight,2790
967,Morning,1770
967,Afternoon,5370
967,Evening,6700
967,Midnight,3370
968,Morning,1900
968,Afternoon,5050
968,Evening,6730
968,Midnight,3130
969,Morning,1590
969,Afternoon,4010
969,Evening,5170
969,Midnight,2550
970,Morning,1300
970,Afternoon,4220
970,Evening,5200
970,Midnight,2160
971,Morning,1560
971,Afternoon,3940
971,Evening,5200
971,Midnight,2490
972,Morning,1490
972,Afternoon,3740
972,Evening,4930
972,Midnight,2580
973,Morning,1600
973,Afternoon,3980
973,Evening,4780
973,Midnight,2160
974,Morning,1540
974,Afternoon,3920
974,Evening,5210
974,Midnight,2490
975,Morning,1360
975,Afternoon,3700
975,Evening,5130
975,Midnight,2380
976,Morning,1930
976,Afternoon,4990
976,Evening,6010
976,Midnight,2930
977,Morning,2020
977,Afternoon,4980
977,Evening,6480
977,Midnight,2750
978,Morning,1510
978,Afternoon,3920
978,Evening,5440
978,Midnight,2410
979,Morning,1640
979,Afternoon,4090
979,Evening,5860
979,Midnight,2340
980,Morning,1520
980,Afternoon,3980
980,Evening,5400
980,Midnight,2320
981,Morning,1200
981,Afternoon,3970
981,Evening,5490
981,Midnight,2430
982,Morning,1470
982,Afternoon,4340
982,Evening,5470
982,Midnight,2490
983,Morning,1620
983,Afternoon,4520
983,Evening,5420
983,Midnight,2230
984,Morning,1760
984,Afternoon,4890
984,Evening,6750
984,Midnight,3230
985,Morning,1890
985,Afternoon,5230
985,Evening,6430
985,Midnight,2860
986,Morning,1950
986,Afternoon,5210
986,Evening,6310
986,Midnight,3000
987,Morning,2150
987,Afternoon,4910
987,Evening,6910
987,Midnight,3110
988,Morning,1940
988,Afternoon,4910
988,Evening,6200
988,Midnight,2660
989,Morning,1790
989,Afternoon,5230
989,Evening,6830
989,Midnight,2980
990,Morning,1960
990,Afternoon,5000
990,Evening,6760
990,Midnight,3060
991,Morning,1440
991,Afternoon,4070
991,Evening,4860
991,Midnight,2320
992,Morning,1450
992,Afternoon,4280
992,Evening,4900
992,Midnight,2300
993,Morning,1570
993,Afternoon,4000
993,Evening,4710
993,Midnight,2380
994,Morning,1590
994,Afternoon,3610
994,Evening,4780
994,Midnight,2290
995,Morning,1500
995,Afternoon,4100
995,Evening,5570
995,Midnight,2690
996,Morning,1470
996,Afternoon,4040
996,Evening,4860
996,Midnight,2640
997,Morning,1940
997,Afternoon,5210
997,Evening,6400
997,Midnight,2930
998,Morning,1160
998,Afternoon,2850
998,Evening,3910
998,Midnight,2080
999,Morning,1040
999,Afternoon,2900
999,Evening,3940
999,Midnight,2090
1000,Morning,1130
1000,Afternoon,3100
1000,Evening,3830
1000,Midnight,2020
1001,Morning,1160
1001,Afternoon,2990
1001,Evening,3980
1001,Midnight,1860
1002,Morning,1360
1002,Afternoon,3220
1002,Evening,4150
1002,Midnight,1940
1003,Morning,1210
1003,Afternoon,2910
1003,Evening,4150
1003,Midnight,1800
1004,Morning,2040
1004,Afternoon,5260
1004,Evening,6580
1004,Midnight,2870
1005,Morning,2130
1005,Afternoon,4850
1005,Evening,6200
1005,Midnight,3060
1006,Morning,1860
1006,Afternoon,5080
1006,Evening,6430
1006,Midnight,3140
1007,Morning,1910
1007,Afternoon,5090
1007,Evening,6590
1007,Midnight,3000
1008,Morning,1680
1008,Afternoon,5320
1008,Evening,6700
1008,Midnight,2830
1009,Morning,1570
1009,Afternoon,4970
1009,Evening,6580
1009,Midnight,3180
1010,Morning,1920
1010,Afternoon,5110
1010,Evening,6460
1010,Midnight,2990
1011,Morning,1530
1011,Afternoon,3690
1011,Evening,5050
1011,Midnight,2190
1012,Morning,1190
1012,Afternoon,4120
1012,Evening,5410
1012,Midnight,2120
1013,Morning,1520
1013,Afternoon,3670
1013,Evening,5050
1013,Midnight,2100
1014,Morning,1430
1014,Afternoon,3730
1014,Evening,5270
1014,Midnight,2390
1015,Morning,1490
1015,Afternoon,3300
1015,Evening,4030
1015,Midnight,1750
1016,Morning,1350
1016,Afternoon,2790
1016,Evening,4110
1016,Midnight,1540
1017,Morning,1150
1017,Afternoon,3460
1017,Evening,3900
1017,Midnight,1850
1018,Morning,1110
1018,Afternoon,3430
1018,Evening,4400
1018,Midnight,2010
1019,Morning,1140
1019,Afternoon,3280
1019,Evening,3930
1019,Midnight,2020
1020,Morning,1360
1020,Afternoon,2890
1020,Evening,4190
1020,Midnight,1630
1021,Morning,1040
1021,Afternoon,2970
1021,Evening,3980
1021,Midnight,1930
1022,Morning,1720
1022,Afternoon,4900
1022,Evening,5960
1022,Midnight,3120
1023,Morning,1760
1023,Afternoon,5370
1023,Evening,5970
1023,Midnight,3050
1024,Morning,1620
1024,Afternoon,4610
1024,Evening,6810
1024,Midnight,3090
1025,Morning,1950
1025,Afternoon,4550
1025,Evening,6220
1025,Midnight,2960
1026,Morning,2140
1026,Afternoon,5150
1026,Evening,6420
1026,Midnight,3030
1027,Morning,2050
1027,Afternoon,5090
1027,Evening,6430
1027,Midnight,3030
1028,Morning,2030
1028,Afternoon,4890
1028,Evening,6870
1028,Midnight,2800
1029,Morning,1940
1029,Afternoon,5230
1029,Evening,6300
1029,Midnight,3020
1030,Morning,2090
1030,Afternoon,5000
1030,Evening,6340
1030,Midnight,2670
1031,Morning,1300
1031,Afternoon,3540
1031,Evening,4910
1031,Midnight,2380
1032,Morning,1140
1032,Afternoon,3210
1032,Evening,4190
1032,Midnight,1570
1033,Morning,1320
1033,Afternoon,3260
1033,Evening,4200
1033,Midnight,1720
1034,Morning,1230
1034,Afternoon,3160
1034,Evening,3770
1034,Midnight,1900
1035,Morning,1010
1035,Afternoon,3020
1035,Evening,4020
1035,Midnight,1880
1036,Morning,1230
1036,Afternoon,3110
1036,Evening,3990
1036,Midnight,1790
1037,Morning,1200
1037,Afternoon,2810
1037,Evening,4350
1037,Midnight,1880
1038,Morning,1030
1038,Afternoon,3210
1038,Evening,4110
1038,Midnight,1800
1039,Morning,1870
1039,Afternoon,4870
1039,Evening,6200
1039,Midnight,2950
1040,Morning,1600
1040,Afternoon,4680
1040,Evening,6440
1040,Midnight,3300
1041,Morning,1820
1041,Afternoon,5020
1041,Evening,6790
1041,Midnight,2710
1042,Morning,1840
1042,Afternoon,5050
1042,Evening,6830
1042,Midnight,2700
1043,Morning,1780
1043,Afternoon,4970
1043,Evening,6550
1043,Midnight,2960
1044,Morning,1990
1044,Afternoon,5200
1044,Evening,6550
1044,Midnight,3020
1045,Morning,1820
1045,Afternoon,4530
1045,Evening,6650
1045,Midnight,2960
1046,Morning,1890
1046,Afternoon,5170
1046,Evening,6340
1046,Midnight,3080
1047,Morning,1960
1047,Afternoon,5010
1047,Evening,6610
1047,Midnight,3220
1048,Morning,1190
1048,Afternoon,2990
1048,Evening,4080
1048,Midnight,1920
1049,Morning,1020
1049,Afternoon,2920
1049,Evening,4140
1049,Midnight,2000
1050,Morning,880
1050,Afternoon,3270
1050,Evening,3850
1050,Midnight,1840
1051,Morning,930
1051,Afternoon,3350
1051,Evening,3990
1051,Midnight,1960
1052,Morning,1070
1052,Afternoon,3030
1052,Evening,4210
1052,Midnight,1740
1053,Morning,1070
1053,Afternoon,3130
1053,Evening,4130
1053,Midnight,1730
1054,Morning,1220
1054,Afternoon,2960
1054,Evening,3890
1054,Midnight,1750
1055,Morning,1220
1055,Afternoon,2910
1055,Evening,4020
1055,Midnight,1850
1056,Morning,2010
1056,Afternoon,5180
1056,Evening,6470
1056,Midnight,3020
1057,Morning,1860
1057,Afternoon,5160
1057,Evening,6590
1057,Midnight,3110
1058,Morning,2140
1058,Afternoon,4790
1058,Evening,6460
1058,Midnight,3120
1059,Morning,1870
1059,Afternoon,4830
1059,Evening,6360
1059,Midnight,2890
1060,Morning,1600
1060,Afternoon,4460
1060,Evening,6410
1060,Midnight,3090
1061,Morning,1930
1061,Afternoon,5060
1061,Evening,6810
1061,Midnight,3040
1062,Morning,1970
1062,Afternoon,5230
1062,Evening,6830
1062,Midnight,2970
1063,Morning,1890
1063,Afternoon,5170
1063,Evening,6670
1063,Midnight,2990
1064,Morning,1740
1064,Afternoon,5230
1064,Evening,6580
1064,Midnight,3390
1065,Morning,1310
1065,Afternoon,3140
1065,Evening,4030
1065,Midnight,1700
1066,Morning,1220
1066,Afternoon,3300
1066,Evening,3900
1066,Midnight,1850
1067,Morning,1230
1067,Afternoon,3330
1067,Evening,4320
1067,Midnight,1660
1068,Morning,1070
1068,Afternoon,2880
1068,Evening,4340
1068,Midnight,1960
1069,Morning,1240
1069,Afternoon,3300
1069,Evening,3940
1069,Midnight,1770
1070,Morning,1240
1070,Afternoon,3420
1070,Evening,3960
1070,Midnight,1880
1071,Morning,1070
1071,Afternoon,3160
1071,Evening,3930
1071,Midnight,1960
1072,Morning,1190
1072,Afternoon,2690
1072,Evening,3840
1072,Midnight,1810
1073,Morning,1890
1073,Afternoon,5120
1073,Evening,6510
1073,Midnight,3020
1074,Morning,1780
1074,Afternoon,5530
1074,Evening,6300
1074,Midnight,2910
1075,Morning,1960
1075,Afternoon,5270
1075,Evening,6310
1075,Midnight,3000
1076,Morning,1890
1076,Afternoon,5060
1076,Evening,6810
1076,Midnight,3110
1077,Morning,2170
1077,Afternoon,5150
1077,Evening,6330
1077,Midnight,2960
1078,Morning,2050
1078,Afternoon,4700
1078,Evening,6590
1078,Midnight,3040
1079,Morning,1860
1079,Afternoon,4600
1079,Evening,6590
1079,Midnight,3240
1080,Morning,2000
1080,Afternoon,5420
1080,Evening,6700
1080,Midnight,3130
1081,Morning,2020
1081,Afternoon,5170
1081,Evening,6790
1081,Midnight,3000
1082,Morning,1340
1082,Afternoon,2980
1082,Evening,4120
1082,Midnight,1930
1083,Morning,1210
1083,Afternoon,3060
1083,Evening,3950
1083,Midnight,1590
1084,Morning,1320
1084,Afternoon,3140
1084,Evening,3860
1084,Midnight,1940
1085,Morning,1150
1085,Afternoon,3150
1085,Evening,3800
1085,Midnight,1840
1086,Morning,1230
1086,Afternoon,3360
1086,Evening,3970
1086,Midnight,2050
1087,Morning,1230
1087,Afternoon,3320
1087,Evening,3840
1087,Midnight,2130
1088,Morning,1100
1088,Afternoon,3200
1088,Evening,4100
1088,Midnight,1790
1089,Morning,1130
1089,Afternoon,3110
1089,Evening,3910
1089,Midnight,1990
1090,Morning,1700
1090,Afternoon,4800
1090,Evening,6490
1090,Midnight,2890
1091,Morning,2060
1091,Afternoon,4680
1091,Evening,6240
1091,Midnight,3140
1092,Morning,2040
1092,Afternoon,4890
1092,Evening,6320
1092,Midnight,2860
1093,Morning,1990
1093,Afternoon,4920
1093,Evening,6660
1093,Midnight,3040
1094,Morning,1830
1094,Afternoon,5080
1094,Evening,6100
1094,Midnight,3050
1095,Morning,1780
1095,Afternoon,4780
1095,Evening,6960
1095,Midnight,2690
1096,Morning,1860
1096,Afternoon,4860
1096,Evening,6820
1096,Midnight,2740
1097,Morning,1770
1097,Afternoon,4790
1097,Evening,6470
1097,Midnight,2800
1098,Morning,2140
1098,Afternoon,4880
1098,Evening,6900
1098,Midnight,3020
1099,Morning,1980
1099,Afternoon,5000
1099,Evening,6510
1099,Midnight,2850
1100,Morning,2180
1100,Afternoon,5230
1100,Evening,6930
1100,Midnight,2970
1101,Morning,2030
1101,Afternoon,5070
1101,Evening,6000
1101,Midnight,3010
1102,Morning,1800
1102,Afternoon,4940
1102,Evening,6430
1102,Midnight,2940
1103,Morning,1800
1103,Afternoon,4870
1103,Evening,6250
1103,Midnight,3090
1104,Morning,1880
1104,Afternoon,5330
1104,Evening,6400
1104,Midnight,2910
1105,Morning,1880
1105,Afternoon,5250
1105,Evening,6770
1105,Midnight,2940
1106,Morning,1860
1106,Afternoon,5070
1106,Evening,6540
1106,Midnight,2790
